{"graph": {"_type": "graph-file", "sha256": "444c2ea5c4b51381c063d569a4063d73e24fb9fce16f993c56953e6e60e8f508", "size": 5978, "path": "media/graph/graph_summary_444c2ea5c4b51381c063.graph.json"}, "epoch": 35, "_timestamp": 1716487257.116509, "loss": 0.14393050968647003, "cross_correlation": 0.05085649713873863, "val_loss": 0.14153319597244263, "val_cross_correlation": 0.015724845230579376, "_runtime": 792.9901208877563, "_step": 35, "best_val_loss": 0.12580405175685883, "best_epoch": 25, "_wandb": {"runtime": 792}}