{"graph": {"_type": "graph-file", "sha256": "444c2ea5c4b51381c063d569a4063d73e24fb9fce16f993c56953e6e60e8f508", "size": 5978, "path": "media/graph/graph_summary_444c2ea5c4b51381c063.graph.json"}, "epoch": 38, "_timestamp": 1716488226.7597241, "loss": 0.05092216283082962, "cross_correlation": 0.8006950616836548, "val_loss": 0.15649673342704773, "val_cross_correlation": -0.026879163458943367, "_runtime": 344.8932590484619, "_step": 38, "best_val_loss": 0.1276431828737259, "best_epoch": 28, "_wandb": {"runtime": 344}}