{"graph": {"_type": "graph-file", "sha256": "444c2ea5c4b51381c063d569a4063d73e24fb9fce16f993c56953e6e60e8f508", "size": 5978, "path": "media/graph/graph_summary_444c2ea5c4b51381c063.graph.json"}, "epoch": 39, "_timestamp": 1716534246.44299, "loss": 0.052886001765728, "cross_correlation": 0.7845695614814758, "val_loss": 0.17088323831558228, "val_cross_correlation": -0.05210017040371895, "_runtime": 210.2309491634369, "_step": 39, "best_val_loss": 0.1374770700931549, "best_epoch": 6, "_wandb": {"runtime": 209}}