{"graph": {"_type": "graph-file", "sha256": "444c2ea5c4b51381c063d569a4063d73e24fb9fce16f993c56953e6e60e8f508", "size": 5978, "path": "media/graph/graph_summary_444c2ea5c4b51381c063.graph.json"}, "epoch": 45, "_timestamp": 1716535970.0949829, "loss": 0.1012573316693306, "cross_correlation": 0.45778247714042664, "val_loss": 0.14166250824928284, "val_cross_correlation": 0.038938529789447784, "_runtime": 499.23654985427856, "_step": 45, "best_val_loss": 0.12787732481956482, "best_epoch": 35, "_wandb": {"runtime": 498}}