{"graph": {"_type": "graph-file", "sha256": "444c2ea5c4b51381c063d569a4063d73e24fb9fce16f993c56953e6e60e8f508", "size": 5978, "path": "media/graph/graph_summary_444c2ea5c4b51381c063.graph.json"}, "epoch": 5, "_timestamp": 1716489136.268964, "loss": 0.12890908122062683, "cross_correlation": 0.4399193823337555, "val_loss": 0.15113383531570435, "val_cross_correlation": 0.02508026920258999, "_runtime": 93.14919114112854, "_step": 5, "best_val_loss": 0.15113383531570435, "best_epoch": 5, "_wandb": {"runtime": 43706}}