{"graph": {"_type": "graph-file", "sha256": "a2f346a85d222b8a5d2405539b72aff40fd8ad0297add8e40c6c01d15888d529", "size": 6111, "path": "media/graph/graph_summary_a2f346a85d222b8a5d24.graph.json"}, "epoch": 48, "_timestamp": 1716292656.969559, "loss": 0.13148359954357147, "cross_correlation": 0.04681270569562912, "val_loss": 0.16087639331817627, "val_cross_correlation": 0.04361692816019058, "_runtime": 369.53988003730774, "_step": 48, "best_val_loss": 0.14092613756656647, "best_epoch": 38, "_wandb": {"runtime": 368}}