{"graph": {"_type": "graph-file", "sha256": "a3c56e295126786a522bb31d80360c6d3b9849e1f3deaf88869f8625b053c77e", "size": 6161, "path": "media/graph/graph_summary_a3c56e295126786a522b.graph.json"}, "epoch": 98, "_timestamp": 1716483206.239011, "loss": 0.11967175453901291, "cross_correlation": 0.05325545370578766, "val_loss": 0.12039774656295776, "val_cross_correlation": -0.032557375729084015, "_runtime": 733.1241331100464, "_step": 98, "best_val_loss": 0.11918129771947861, "best_epoch": 88, "_wandb": {"runtime": 732}}