{"graph": {"_type": "graph-file", "sha256": "444c2ea5c4b51381c063d569a4063d73e24fb9fce16f993c56953e6e60e8f508", "size": 5978, "path": "media/graph/graph_summary_444c2ea5c4b51381c063.graph.json"}, "epoch": 4, "_timestamp": 1716485864.038382, "loss": 0.22843123972415924, "cross_correlation": 0.26657000184059143, "val_loss": 0.2189493626356125, "val_cross_correlation": -0.011552204377949238, "_runtime": 57.37257695198059, "_step": 4, "best_val_loss": 0.2189493626356125, "best_epoch": 4, "_wandb": {"runtime": 61}}