{"graph": {"_type": "graph-file", "sha256": "444c2ea5c4b51381c063d569a4063d73e24fb9fce16f993c56953e6e60e8f508", "size": 5978, "path": "media/graph/graph_summary_444c2ea5c4b51381c063.graph.json"}, "epoch": 30, "_timestamp": 1716487871.2828019, "loss": 0.08110559731721878, "cross_correlation": 0.6610620021820068, "val_loss": 0.16202090680599213, "val_cross_correlation": 0.013089892454445362, "_runtime": 252.7275149822235, "_step": 30, "best_val_loss": 0.13863921165466309, "best_epoch": 20, "_wandb": {"runtime": 252}}