{"graph": {"_type": "graph-file", "sha256": "444c2ea5c4b51381c063d569a4063d73e24fb9fce16f993c56953e6e60e8f508", "size": 5978, "path": "media/graph/graph_summary_444c2ea5c4b51381c063.graph.json"}, "epoch": 10, "_timestamp": 1716485638.805582, "loss": 0.12508974969387054, "cross_correlation": 0.42932531237602234, "val_loss": 0.1496814787387848, "val_cross_correlation": 0.005253890063613653, "_runtime": 161.45593309402466, "_step": 10, "best_val_loss": 0.1496814787387848, "best_epoch": 10, "_wandb": {"runtime": 283}}