{"graph": {"_type": "graph-file", "sha256": "95a45aedb5fe19ba53bb994244c6cc5a6faaa0db4217e33c5341d5c9df2dca01", "size": 6111, "path": "media/graph/graph_summary_95a45aedb5fe19ba53bb.graph.json"}, "epoch": 81, "_timestamp": 1716401764.267342, "loss": 0.12179294973611832, "cross_correlation": 0.07139132916927338, "val_loss": 0.12031658738851547, "val_cross_correlation": 0.08101250231266022, "_runtime": 614.6813831329346, "_step": 81, "best_val_loss": 0.11848366260528564, "best_epoch": 71, "_wandb": {"runtime": 613}}