{"graph": {"_type": "graph-file", "sha256": "444c2ea5c4b51381c063d569a4063d73e24fb9fce16f993c56953e6e60e8f508", "size": 5978, "path": "media/graph/graph_summary_444c2ea5c4b51381c063.graph.json"}, "epoch": 30, "_timestamp": 1716535115.538424, "loss": 0.06512191146612167, "cross_correlation": 0.7619808316230774, "val_loss": 0.1503743678331375, "val_cross_correlation": -0.058374952524900436, "_runtime": 320.6102809906006, "_step": 30, "best_val_loss": 0.1372407078742981, "best_epoch": 20, "_wandb": {"runtime": 320}}