{"graph": {"_type": "graph-file", "sha256": "444c2ea5c4b51381c063d569a4063d73e24fb9fce16f993c56953e6e60e8f508", "size": 5978, "path": "media/graph/graph_summary_444c2ea5c4b51381c063.graph.json"}, "epoch": 11, "_timestamp": 1717049413.567595, "loss": 0.09860049933195114, "cross_correlation": 0.6352863311767578, "val_loss": 0.15927943587303162, "val_cross_correlation": -0.010442862287163734, "_runtime": 513432.1774671078, "_step": 11, "best_val_loss": 0.1485990285873413, "best_epoch": 9, "_wandb": {"runtime": 516478}}