{"graph": {"_type": "graph-file", "sha256": "444c2ea5c4b51381c063d569a4063d73e24fb9fce16f993c56953e6e60e8f508", "size": 5978, "path": "media/graph/graph_summary_444c2ea5c4b51381c063.graph.json"}, "epoch": 81, "_timestamp": 1716489030.477429, "loss": 0.11565186083316803, "cross_correlation": -0.0027395363431423903, "val_loss": 0.11173907667398453, "val_cross_correlation": 0.0017397317569702864, "_runtime": 791.205883026123, "_step": 81, "best_val_loss": 0.11170152574777603, "best_epoch": 71, "_wandb": {"runtime": 790}}