{"graph": {"_type": "graph-file", "sha256": "444c2ea5c4b51381c063d569a4063d73e24fb9fce16f993c56953e6e60e8f508", "size": 5978, "path": "media/graph/graph_summary_444c2ea5c4b51381c063.graph.json"}, "epoch": 31, "_timestamp": 1716535459.790236, "loss": 0.12563244998455048, "cross_correlation": 0.37679776549339294, "val_loss": 0.186488538980484, "val_cross_correlation": 0.004969323985278606, "_runtime": 334.55499505996704, "_step": 31, "best_val_loss": 0.13051383197307587, "best_epoch": 21, "_wandb": {"runtime": 333}}