{"graph": {"_type": "graph-file", "sha256": "444c2ea5c4b51381c063d569a4063d73e24fb9fce16f993c56953e6e60e8f508", "size": 5978, "path": "media/graph/graph_summary_444c2ea5c4b51381c063.graph.json"}, "epoch": 44, "_timestamp": 1716486150.350191, "loss": 0.12038115411996841, "cross_correlation": -0.007456417195498943, "val_loss": 0.11555841565132141, "val_cross_correlation": 0.002321446081623435, "_runtime": 251.91366600990295, "_step": 44, "best_val_loss": 0.11351632326841354, "best_epoch": 34, "_wandb": {"runtime": 251}}