{"graph": {"_type": "graph-file", "sha256": "444c2ea5c4b51381c063d569a4063d73e24fb9fce16f993c56953e6e60e8f508", "size": 5978, "path": "media/graph/graph_summary_444c2ea5c4b51381c063.graph.json"}, "epoch": 44, "_timestamp": 1716486452.698147, "loss": 0.06848196685314178, "cross_correlation": 0.8050452470779419, "val_loss": 0.1691877245903015, "val_cross_correlation": -0.023156369104981422, "_runtime": 293.1246840953827, "_step": 44, "best_val_loss": 0.15422366559505463, "best_epoch": 34, "_wandb": {"runtime": 292}}