{"graph": {"_type": "graph-file", "sha256": "444c2ea5c4b51381c063d569a4063d73e24fb9fce16f993c56953e6e60e8f508", "size": 5978, "path": "media/graph/graph_summary_444c2ea5c4b51381c063.graph.json"}, "epoch": 46, "_timestamp": 1716534022.7940102, "loss": 0.06032133474946022, "cross_correlation": 0.8059307336807251, "val_loss": 0.1519169956445694, "val_cross_correlation": 0.14273735880851746, "_runtime": 310.82386016845703, "_step": 46, "best_val_loss": 0.14509083330631256, "best_epoch": 36, "_wandb": {"runtime": 310}}