{"graph": {"_type": "graph-file", "sha256": "730b1a484826bced71c728b0a945b7b8a93fa618c0bd024b6045e1368933ba5e", "size": 6146, "path": "media/graph/graph_summary_730b1a484826bced71c7.graph.json"}, "epoch": 109, "_timestamp": 1716403154.46618, "loss": 0.11936910450458527, "cross_correlation": 0.09930780529975891, "val_loss": 0.13368090987205505, "val_cross_correlation": 0.05081934481859207, "_runtime": 789.0667140483856, "_step": 109, "best_val_loss": 0.12844733893871307, "best_epoch": 99, "_wandb": {"runtime": 787}}