{"graph": {"_type": "graph-file", "sha256": "444c2ea5c4b51381c063d569a4063d73e24fb9fce16f993c56953e6e60e8f508", "size": 5978, "path": "media/graph/graph_summary_444c2ea5c4b51381c063.graph.json"}, "epoch": 47, "_timestamp": 1716534783.874975, "loss": 0.09271769970655441, "cross_correlation": 0.5823702216148376, "val_loss": 0.1698242723941803, "val_cross_correlation": -0.026359306648373604, "_runtime": 292.86211800575256, "_step": 47, "best_val_loss": 0.13300612568855286, "best_epoch": 37, "_wandb": {"runtime": 292}}