{"graph": {"_type": "graph-file", "sha256": "444c2ea5c4b51381c063d569a4063d73e24fb9fce16f993c56953e6e60e8f508", "size": 5978, "path": "media/graph/graph_summary_444c2ea5c4b51381c063.graph.json"}, "epoch": 31, "_timestamp": 1716534479.659737, "loss": 0.14577366411685944, "cross_correlation": 0.003299157368019223, "val_loss": 0.1332821398973465, "val_cross_correlation": 0.007445836905390024, "_runtime": 222.39609909057617, "_step": 31, "best_val_loss": 0.12512241303920746, "best_epoch": 21, "_wandb": {"runtime": 221}}