{"graph": {"_type": "graph-file", "sha256": "444c2ea5c4b51381c063d569a4063d73e24fb9fce16f993c56953e6e60e8f508", "size": 5978, "path": "media/graph/graph_summary_444c2ea5c4b51381c063.graph.json"}, "epoch": 30, "_timestamp": 1716533702.5544121, "loss": 0.14707109332084656, "cross_correlation": 0.0050672730430960655, "val_loss": 0.13932843506336212, "val_cross_correlation": 0.01268954947590828, "_runtime": 171.85841512680054, "_step": 30, "best_val_loss": 0.12367655336856842, "best_epoch": 8, "_wandb": {"runtime": 171}}