{"graph": {"_type": "graph-file", "sha256": "444c2ea5c4b51381c063d569a4063d73e24fb9fce16f993c56953e6e60e8f508", "size": 5978, "path": "media/graph/graph_summary_444c2ea5c4b51381c063.graph.json"}, "epoch": 47, "_timestamp": 1716487607.508096, "loss": 0.06768690794706345, "cross_correlation": 0.7470752000808716, "val_loss": 0.21379858255386353, "val_cross_correlation": -0.013170763850212097, "_runtime": 340.0376958847046, "_step": 47, "best_val_loss": 0.14144431054592133, "best_epoch": 37, "_wandb": {"runtime": 339}}